{
    "name": "NIF",
    "type": "inr",
    "results": {
        "config": [
            "0_65bpp",
            "0_78bpp",
            "1_33bpp",
            "1_63bpp",
            "2_97bpp"
        ],
        "state_bpp": [
            0.6539573239872178,
            0.7917451809091847,
            1.360793732604886,
            1.6636573549118647,
            2.9723162560560765
        ],
        "bpp": [
            0.8790887537367281,
            1.0168704257293062,
            1.5859251623543964,
            1.8887887846613751,
            3.197447685805587
        ],
        "psnr": [
            30.864101028442384,
            31.738347778320314,
            34.321594867706295,
            35.30961503982544,
            38.94097618103027
        ],
        "ms-ssim": [
            0.9780580890178681,
            0.9823192405700684,
            0.989812759757042,
            0.991695551276207,
            0.9961457014083862
        ],
        "ssim": [
            0.8804359155893325,
            0.897683202624321,
            0.9353599214553833,
            0.9466583877801895,
            0.9745809596776962
        ]
    }
}