{
    "name": "NIF w. L1 loss",
    "type": "ablation",
    "results": {
        "config": [
            "120",
            "200",
            "280",
            "360"
        ],
        "state_bpp": [
            0.2557915581597222,
            0.5575832790798612,
            0.9517627292209201,
            1.6106346978081598
        ],
        "bpp": [
            0.2745903862847222,
            0.5797797309027778,
            0.9740202162000868,
            1.6330752902560763
        ],
        "psnr": [
            27.60613441467285,
            30.26402258872986,
            32.59220369656881,
            35.04477596282959
        ],
        "ms-ssim": [
            0.919967862466971,
            0.955535776913166,
            0.972766620417436,
            0.9840126211444536
        ],
        "ssim": [
            0.7486635707318783,
            0.8285744364062945,
            0.8816283668080965,
            0.9230928719043732
        ]
    }
}