{
    "name": "NIF w. LogCosh loss",
    "type": "ablation",
    "results": {
        "config": [
            "120",
            "200",
            "280",
            "360"
        ],
        "state_bpp": [
            0.25870683458116317,
            0.5575663248697916,
            0.9452506171332465,
            1.6122360229492188
        ],
        "bpp": [
            0.27750566270616317,
            0.5797627766927084,
            0.9675081041124132,
            1.6346766153971355
        ],
        "psnr": [
            28.53397806485494,
            31.191245079040527,
            33.36648575464884,
            35.767719666163124
        ],
        "ms-ssim": [
            0.9128619432449341,
            0.9512668550014496,
            0.9696597928802172,
            0.9824096908171972
        ],
        "ssim": [
            0.7419347316026688,
            0.8228857144713402,
            0.8749100690086683,
            0.9191087111830711
        ]
    }
}