{
    "name": "NIF w. MSE loss",
    "type": "ablation",
    "results": {
        "config": [
            "120",
            "200",
            "280",
            "360"
        ],
        "state_bpp": [
            0.25933074951171875,
            0.5575485229492188,
            0.9496095445421007,
            1.6156005859375
        ],
        "bpp": [
            0.27812957763671875,
            0.5797449747721354,
            0.9718670315212673,
            1.6380411783854167
        ],
        "psnr": [
            28.50653378168742,
            31.187792539596558,
            33.339417139689125,
            35.74240016937256
        ],
        "ms-ssim": [
            0.9121199920773506,
            0.9508740156888962,
            0.9696136911710104,
            0.9823359822233518
        ],
        "ssim": [
            0.740369820346435,
            0.8222342903415362,
            0.8745631153384844,
            0.9184117391705513
        ]
    }
}