{
    "name": "NIF",
    "type": "inr",
    "results": {
        "config": [
            "120",
            "0_31",
            "200",
            "280",
            "360",
            "450",
            "680"
        ],
        "state_bpp": [
            0.2580617268880208,
            0.2974785698784722,
            0.5544959174262153,
            0.9469494289822049,
            1.6064707438151042,
            2.582566155327691,
            4.005323621961805
        ],
        "bpp": [
            0.2768605550130208,
            0.3196750217013889,
            0.5766923692491319,
            0.9692069159613715,
            1.6289113362630208,
            2.6050067477756076,
            4.027825249565972
        ],
        "psnr": [
            28.315745910008747,
            28.82928228378296,
            30.943402926127117,
            33.218298276265465,
            35.62013419469198,
            37.99874862035116,
            40.44854180018107
        ],
        "ms-ssim": [
            0.9257029046614965,
            0.9338977485895157,
            0.9594142610828081,
            0.9757542163133621,
            0.9859071845809618,
            0.9919520194331805,
            0.9954079836606979
        ],
        "ssim": [
            0.764192114273707,
            0.7797048191229502,
            0.84367735683918,
            0.8946481247742971,
            0.9330285415053368,
            0.9618580912550291,
            0.979368694126606
        ]
    }
}