{
    "name": "Strumpler basic [2021]",
    "type": "inr",
    "results": {
        "config": [
            "KODAK_1x_epochs25000_lr0.0005_ffdims_16_hdims32_hlayer3_nerf_sine_l1_reg1e-05_enc_scale1.4",
            "KODAK_1x_epochs25000_lr0.0005_ffdims_16_hdims48_hlayer3_nerf_sine_l1_reg1e-05_enc_scale1.4",
            "KODAK_1x_epochs25000_lr0.0005_ffdims_16_hdims64_hlayer3_nerf_sine_l1_reg1e-05_enc_scale1.4",
            "KODAK_1x_epochs25000_lr0.0005_ffdims_16_hdims96_hlayer3_nerf_sine_l1_reg1e-05_enc_scale1.4",
            "KODAK_1x_epochs25000_lr0.0005_ffdims_16_hdims128_hlayer3_nerf_sine_l1_reg1e-05_enc_scale1.4"
        ],
        "state_bpp": [
            0.09980010986328125,
            0.1872194078233507,
            0.299346923828125,
            0.590606689453125,
            0.9571507771809896
        ],
        "bpp": [
            0.09980010986328125,
            0.1872194078233507,
            0.299346923828125,
            0.590606689453125,
            0.9571507771809896
        ],
        "psnr": [
            25.654893398284912,
            27.147341807683308,
            28.43282945950826,
            30.580243508021038,
            32.185946226119995
        ],
        "ms-ssim": [
            0.8473738605777422,
            0.8931523635983467,
            0.9212483465671539,
            0.9525836979349455,
            0.9681269228458405
        ],
        "ssim": [
            0.6388648971915245,
            0.6945914886891842,
            0.7417556221286455,
            0.8120128735899925,
            0.857584518690904
        ]
    }
}