{
    "name": "NIF",
    "type": "inr",
    "results": {
        "config": [
            "120",
            "280"
        ],
        "state_bpp": [
            5.04931640625,
            15.325181749131945
        ],
        "bpp": [
            5.403767903645833,
            15.680650499131945
        ],
        "psnr": [
            39.094386418660484,
            47.353943506876625
        ],
        "ms-ssim": [],
        "ssim": [
            0.9775678689281145,
            0.9971392949422201
        ]
    }
}