{
    "name": "NIF",
    "type": "inr",
    "results": {
        "config": [
            "120",
            "280"
        ],
        "state_bpp": [
            1.2399258083767362,
            3.7996453179253473
        ],
        "bpp": [
            1.3288031684027777,
            3.888675265842014
        ],
        "psnr": [
            32.33257055282593,
            38.91102663675944
        ],
        "ms-ssim": [
            0.9782070194681486,
            0.9948497787117958
        ],
        "ssim": [
            0.8914227957526842,
            0.972637782494227
        ]
    }
}