{
    "name": "NIF w. equal hidden layers size",
    "type": "ablation",
    "results": {
        "config": [
            "32",
            "64",
            "128"
        ],
        "state_bpp": [
            0.11192830403645833,
            0.3362172444661458,
            1.072156270345052
        ],
        "bpp": [
            0.13078816731770834,
            0.3584747314453125,
            1.0944747924804688
        ],
        "psnr": [
            25.825598398844402,
            28.757445414861042,
            32.95781524976095
        ],
        "ms-ssim": [
            0.869077687462171,
            0.935841922958692,
            0.9758193269371986
        ],
        "ssim": [
            0.6683269540468851,
            0.7780627881487211,
            0.8911967426538467
        ]
    }
}