{
    "name": "NIF w.o modulation network",
    "type": "ablation",
    "results": {
        "config": [
            "120",
            "280",
            "450"
        ],
        "state_bpp": [
            0.24468994140625,
            0.8791224161783854,
            2.4942131595335146
        ],
        "bpp": [
            0.2552083333333333,
            0.8897018432617188,
            2.5049756920855977
        ],
        "psnr": [
            28.051424821217854,
            32.57745758692423,
            37.393893863843836
        ],
        "ms-ssim": [
            0.9245647887388865,
            0.9733698566754659,
            0.9909217357635498
        ],
        "ssim": [
            0.758984717230002,
            0.8860731944441795,
            0.9566938384719517
        ]
    }
}