{
    "name": "NIF",
    "type": "inr",
    "results": {
        "config": [
            "360",
            "680"
        ],
        "state_bpp": [
            0.08048328969184262,
            0.2137348559134112
        ],
        "bpp": [
            0.08164465959146984,
            0.21489985495964675
        ],
        "psnr": [
            29.255217688424246,
            31.842236927577428
        ],
        "ms-ssim": [
            0.853631181376321,
            0.8975715637207031
        ],
        "ssim": [
            0.7253981637103217,
            0.7666599409920829
        ]
    }
}