{
    "name": "NIF",
    "type": "inr",
    "results": {
        "config": [
            "1",
            "2",
            "5",
            "10",
            "20",
            "30",
            "40",
            "50",
            "70",
            "90"
        ],
        "state_bpp": [
            0.0
        ],
        "bpp": [
            0.08864463825728723,
            0.09695949077898872,
            0.11450487940997255,
            0.13613883441180813,
            0.17845937985176163,
            0.22317097215905957,
            0.27318046012617814,
            0.3295837380157101,
            0.4670367834853684,
            1.3459633614253659
        ],
        "psnr": [
            28.847956248692103,
            29.324352536882675,
            30.057824679783412,
            30.823060580662318,
            31.882028034755162,
            32.664598192487446,
            33.43848500932966,
            34.062612533569336,
            35.150537627083914,
            38.46297400338309
        ],
        "ms-ssim": [
            0.896703451871872,
            0.9021059317248208,
            0.9107901113373893,
            0.9185870204653058,
            0.9293293740068164,
            0.9370788548673902,
            0.9432618618011475,
            0.9492408079760415,
            0.9591084803853717,
            0.982590526342392
        ],
        "ssim": [
            0.8201902977057866
        ]
    }
}