{
    "name": "NIF",
    "type": "inr",
    "results": {
        "config": [
            "18",
            "24",
            "32",
            "64",
            "128"
        ],
        "state_bpp": [
            0.4857066281826616,
            0.7471703948046593,
            1.141109164003711,
            3.440760746314813,
            10.951458612514173
        ],
        "bpp": [
            0.6751716317905371,
            0.9366353984125347,
            1.3317616740542213,
            3.665892176064323,
            11.177208535202556
        ],
        "psnr": [
            29.145420303344725,
            30.87869186401367,
            32.62064380645752,
            38.35470827102661,
            45.01178050994873
        ],
        "ms-ssim": [
            0.9654536718130111,
            0.9781753766536713,
            0.985685915350914,
            0.9959934294223786,
            0.9991781240701676
        ],
        "ssim": [
            0.8370835638046265,
            0.8785992687940598,
            0.9101368075609207,
            0.9709530401229859,
            0.993292760848999
        ]
    }
}